[
  {
    "name": "安哥拉",
    "value": "Angola"
  },
  {
    "name": "阿富汗",
    "value": "Afghanistan"
  },
  {
    "name": "阿尔巴尼亚",
    "value": "Albania"
  },
  {
    "name": "阿尔及利亚",
    "value": "Algeria"
  },
  {
    "name": "安道尔共和国",
    "value": "Andorra"
  },
  {
    "name": "安圭拉岛",
    "value": "Anguilla"
  },
  {
    "name": "安提瓜和巴布达",
    "value": "Antigua and Barbuda"
  },
  {
    "name": "阿根廷",
    "value": "Argentina"
  },
  {
    "name": "亚美尼亚",
    "value": "Armenia"
  },
  {
    "name": "阿森松",
    "value": "Ascension"
  },
  {
    "name": "澳大利亚",
    "value": "Australia"
  },
  {
    "name": "奥地利",
    "value": "Austria"
  },
  {
    "name": "阿塞拜疆",
    "value": "Azerbaijan"
  },
  {
    "name": "巴哈马",
    "value": "Bahamas"
  },
  {
    "name": "巴林",
    "value": "Bahrain"
  },
  {
    "name": "孟加拉国",
    "value": "Bangladesh"
  },
  {
    "name": "巴巴多斯",
    "value": "Barbados"
  },
  {
    "name": "白俄罗斯",
    "value": "Belarus"
  },
  {
    "name": "比利时",
    "value": "Belgium"
  },
  {
    "name": "伯利兹",
    "value": "Belize"
  },
  {
    "name": "贝宁",
    "value": "Benin"
  },
  {
    "name": "百慕大群岛",
    "value": "Bermuda Is"
  },
  {
    "name": "玻利维亚",
    "value": "Bolivia"
  },
  {
    "name": "博茨瓦纳",
    "value": "Botswana"
  },
  {
    "name": "巴西",
    "value": "Brazil"
  },
  {
    "name": "文莱",
    "value": "Brunei"
  },
  {
    "name": "保加利亚",
    "value": "Bulgaria"
  },
  {
    "name": "布基纳法索",
    "value": "Burkina Faso"
  },
  {
    "name": "缅甸",
    "value": "Burma"
  },
  {
    "name": "布隆迪",
    "value": "Burundi"
  },
  {
    "name": "喀麦隆",
    "value": "Cameroon"
  },
  {
    "name": "加拿大",
    "value": "Canada"
  },
  {
    "name": "开曼群岛",
    "value": "Cayman Is"
  },
  {
    "name": "中非共和国",
    "value": "Central African Republic"
  },
  {
    "name": "乍得",
    "value": "Chad"
  },
  {
    "name": "智利",
    "value": "Chile"
  },
  {
    "name": "中国",
    "value": "China"
  },
  {
    "name": "哥伦比亚",
    "value": "Colombia"
  },
  {
    "name": "刚果",
    "value": "Congo"
  },
  {
    "name": "库克群岛",
    "value": "Cook Is"
  },
  {
    "name": "哥斯达黎加",
    "value": "Costa Rica"
  },
  {
    "name": "古巴",
    "value": "Cuba"
  },
  {
    "name": "塞浦路斯",
    "value": "Cyprus"
  },
  {
    "name": "捷克",
    "value": "Czech Republic"
  },
  {
    "name": "丹麦",
    "value": "Denmark"
  },
  {
    "name": "吉布提",
    "value": "Djibouti"
  },
  {
    "name": "多米尼加共和国",
    "value": "Dominica Rep"
  },
  {
    "name": "厄瓜多尔",
    "value": "Ecuador"
  },
  {
    "name": "埃及",
    "value": "Egypt"
  },
  {
    "name": "萨尔瓦多",
    "value": "EI Salvador"
  },
  {
    "name": "爱沙尼亚",
    "value": "Estonia"
  },
  {
    "name": "埃塞俄比亚",
    "value": "Ethiopia"
  },
  {
    "name": "斐济",
    "value": "Fiji"
  },
  {
    "name": "芬兰",
    "value": "Finland"
  },
  {
    "name": "法国",
    "value": "France"
  },
  {
    "name": "法属圭亚那",
    "value": "French Guiana"
  },
  {
    "name": "法属玻利尼西亚",
    "value": "French Polynesia"
  },
  {
    "name": "加蓬",
    "value": "Gabon"
  },
  {
    "name": "冈比亚",
    "value": "Gambia"
  },
  {
    "name": "格鲁吉亚",
    "value": "Georgia"
  },
  {
    "name": "德国",
    "value": "Germany"
  },
  {
    "name": "加纳",
    "value": "Ghana"
  },
  {
    "name": "直布罗陀",
    "value": "Gibraltar"
  },
  {
    "name": "希腊",
    "value": "Greece"
  },
  {
    "name": "格林纳达",
    "value": "Grenada"
  },
  {
    "name": "关岛",
    "value": "Guam"
  },
  {
    "name": "危地马拉",
    "value": "Guatemala"
  },
  {
    "name": "几内亚",
    "value": "Guinea"
  },
  {
    "name": "圭亚那",
    "value": "Guyana"
  },
  {
    "name": "海地",
    "value": "Haiti"
  },
  {
    "name": "洪都拉斯",
    "value": "Honduras"
  },
  {
    "name": "香港",
    "value": "Hongkong"
  },
  {
    "name": "匈牙利",
    "value": "Hungary"
  },
  {
    "name": "冰岛",
    "value": "Iceland"
  },
  {
    "name": "印度",
    "value": "India"
  },
  {
    "name": "印度尼西亚",
    "value": "Indonesia"
  },
  {
    "name": "伊朗",
    "value": "Iran"
  },
  {
    "name": "伊拉克",
    "value": "Iraq"
  },
  {
    "name": "爱尔兰",
    "value": "Ireland"
  },
  {
    "name": "以色列",
    "value": "Israel"
  },
  {
    "name": "意大利",
    "value": "Italy"
  },
  {
    "name": "科特迪瓦",
    "value": "Ivory Coast"
  },
  {
    "name": "牙买加",
    "value": "Jamaica"
  },
  {
    "name": "日本",
    "value": "Japan"
  },
  {
    "name": "约旦",
    "value": "Jordan"
  },
  {
    "name": "柬埔寨",
    "value": "Kampuchea (Cambodia )"
  },
  {
    "name": "哈萨克斯坦",
    "value": "Kazakstan"
  },
  {
    "name": "肯尼亚",
    "value": "Kenya"
  },
  {
    "name": "韩国",
    "value": "Korea"
  },
  {
    "name": "科威特",
    "value": "Kuwait"
  },
  {
    "name": "吉尔吉斯坦",
    "value": "Kyrgyzstan"
  },
  {
    "name": "老挝",
    "value": "Laos"
  },
  {
    "name": "拉脱维亚",
    "value": "Latvia"
  },
  {
    "name": "黎巴嫩",
    "value": "Lebanon"
  },
  {
    "name": "莱索托",
    "value": "Lesotho"
  },
  {
    "name": "利比里亚",
    "value": "Liberia"
  },
  {
    "name": "利比亚",
    "value": "Libya"
  },
  {
    "name": "列支敦士登",
    "value": "Liechtenstein"
  },
  {
    "name": "立陶宛",
    "value": "Lithuania"
  },
  {
    "name": "卢森堡",
    "value": "Luxembourg"
  },
  {
    "name": "澳门",
    "value": "Macao"
  },
  {
    "name": "马达加斯加",
    "value": "Madagascar"
  },
  {
    "name": "马拉维",
    "value": "Malawi"
  },
  {
    "name": "马来西亚",
    "value": "Malaysia"
  },
  {
    "name": "马尔代夫",
    "value": "Maldives"
  },
  {
    "name": "马里",
    "value": "Mali"
  },
  {
    "name": "马耳他",
    "value": "Malta"
  },
  {
    "name": "马里亚那群岛",
    "value": "Mariana Is"
  },
  {
    "name": "马提尼克",
    "value": "Martinique"
  },
  {
    "name": "毛里求斯",
    "value": "Mauritius"
  },
  {
    "name": "墨西哥",
    "value": "Mexico"
  },
  {
    "name": "摩尔多瓦",
    "value": "Moldova"
  },
  {
    "name": "摩纳哥",
    "value": "Monaco"
  },
  {
    "name": "蒙古",
    "value": "Mongolia"
  },
  {
    "name": "莫桑比克",
    "value": "Mozambique"
  },
  {
    "name": "纳米比亚",
    "value": "Namibia"
  },
  {
    "name": "瑙鲁",
    "value": "Nauru"
  },
  {
    "name": "尼泊尔",
    "value": "Nepal"
  },
  {
    "name": "荷属安的列斯",
    "value": "Netheriands Antilles"
  },
  {
    "name": "荷兰",
    "value": "Netherlands"
  },
  {
    "name": "新西兰",
    "value": "New Zealand"
  },
  {
    "name": "尼加拉瓜",
    "value": "Nicaragua"
  },
  {
    "name": "尼日尔",
    "value": "Niger"
  },
  {
    "name": "尼日利亚",
    "value": "Nigeria"
  },
  {
    "name": "朝鲜",
    "value": "North Korea"
  },
  {
    "name": "挪威",
    "value": "Norway"
  },
  {
    "name": "阿曼",
    "value": "Oman"
  },
  {
    "name": "巴基斯坦",
    "value": "Pakistan"
  },
  {
    "name": "巴拿马",
    "value": "Panama"
  },
  {
    "name": "巴布亚新几内亚",
    "value": "Papua New Cuinea"
  },
  {
    "name": "巴拉圭",
    "value": "Paraguay"
  },
  {
    "name": "秘鲁",
    "value": "Peru"
  },
  {
    "name": "菲律宾",
    "value": "Philippines"
  },
  {
    "name": "波兰",
    "value": "Poland"
  },
  {
    "name": "葡萄牙",
    "value": "Portugal"
  },
  {
    "name": "波多黎各",
    "value": "Puerto Rico"
  },
  {
    "name": "卡塔尔",
    "value": "Qatar"
  },
  {
    "name": "留尼旺",
    "value": "Reunion"
  },
  {
    "name": "罗马尼亚",
    "value": "Romania"
  },
  {
    "name": "俄罗斯",
    "value": "Russia"
  },
  {
    "name": "圣卢西亚",
    "value": "Saint Lueia"
  },
  {
    "name": "圣文森特岛",
    "value": "Saint Vincent"
  },
  {
    "name": "东萨摩亚(美)",
    "value": "Samoa Eastern"
  },
  {
    "name": "西萨摩亚",
    "value": "Samoa Western"
  },
  {
    "name": "圣马力诺",
    "value": "San Marino"
  },
  {
    "name": "圣多美和普林西比",
    "value": "Sao Tome and Principe"
  },
  {
    "name": "沙特阿拉伯",
    "value": "Saudi Arabia"
  },
  {
    "name": "塞内加尔",
    "value": "Senegal"
  },
  {
    "name": "塞舌尔",
    "value": "Seychelles"
  },
  {
    "name": "塞拉利昂",
    "value": "Sierra Leone"
  },
  {
    "name": "新加坡",
    "value": "Singapore"
  },
  {
    "name": "斯洛伐克",
    "value": "Slovakia"
  },
  {
    "name": "斯洛文尼亚",
    "value": "Slovenia"
  },
  {
    "name": "所罗门群岛",
    "value": "Solomon Is"
  },
  {
    "name": "索马里",
    "value": "Somali"
  },
  {
    "name": "南非",
    "value": "South Africa"
  },
  {
    "name": "西班牙",
    "value": "Spain"
  },
  {
    "name": "斯里兰卡",
    "value": "SriLanka"
  },
  {
    "name": "圣文森特",
    "value": "St.Vincent"
  },
  {
    "name": "苏丹",
    "value": "Sudan"
  },
  {
    "name": "苏里南",
    "value": "Suriname"
  },
  {
    "name": "斯威士兰",
    "value": "Swaziland"
  },
  {
    "name": "瑞典",
    "value": "Sweden"
  },
  {
    "name": "瑞士",
    "value": "Switzerland"
  },
  {
    "name": "叙利亚",
    "value": "Syria"
  },
  {
    "name": "台湾省",
    "value": "Taiwan"
  },
  {
    "name": "塔吉克斯坦",
    "value": "Tajikstan"
  },
  {
    "name": "坦桑尼亚",
    "value": "Tanzania"
  },
  {
    "name": "泰国",
    "value": "Thailand"
  },
  {
    "name": "多哥",
    "value": "Togo"
  },
  {
    "name": "汤加",
    "value": "Tonga"
  },
  {
    "name": "特立尼达和多巴哥",
    "value": "Trinidad and Tobago"
  },
  {
    "name": "突尼斯",
    "value": "Tunisia"
  },
  {
    "name": "土耳其",
    "value": "Turkey"
  },
  {
    "name": "土库曼斯坦",
    "value": "Turkmenistan"
  },
  {
    "name": "乌干达",
    "value": "Uganda"
  },
  {
    "name": "乌克兰",
    "value": "Ukraine"
  },
  {
    "name": "阿拉伯联合酋长国",
    "value": "United Arab Emirates"
  },
  {
    "name": "英国",
    "value": "United Kiongdom"
  },
  {
    "name": "美国",
    "value": "United States of America"
  },
  {
    "name": "乌拉圭",
    "value": "Uruguay"
  },
  {
    "name": "乌兹别克斯坦",
    "value": "Uzbekistan"
  },
  {
    "name": "委内瑞拉",
    "value": "Venezuela"
  },
  {
    "name": "越南",
    "value": "Vietnam"
  },
  {
    "name": "也门",
    "value": "Yemen"
  },
  {
    "name": "南斯拉夫",
    "value": "Yugoslavia"
  },
  {
    "name": "津巴布韦",
    "value": "Zimbabwe"
  },
  {
    "name": "扎伊尔",
    "value": "Zaire"
  },
  {
    "name": "赞比亚",
    "value": "Zambia"
  }
]